usersid,accountsid
5,1
5,2
5,3
5,4
5,5
5,6
5,7
5,8
5,9
5,10
5,11
5,12
5,13
5,14
5,15
5,16
5,17
5,18
5,19
5,20
5,21
5,22
5,23
1,24
1,25
1,27
1,28
1,29
1,30
1,31
1,32
1,34
1,35
1,36
1,37
1,38
1,39
1,40
1,41
1,42
1,43
1,46
1,47
1,49
1,50
1,51
1,52
1,53
1,54
1,58
1,59
1,61
1,62
1,63
1,64
1,65
1,66
1,67
1,68
1,69
1,70
1,71
1,72
1,73
1,74
1,75
1,76
1,78
1,79
1,80
1,81
1,82
1,83
1,84
1,85
1,86
1,87
1,88
1,89
1,90
1,91
1,92
5,94
5,95
5,96
5,97
5,98
1,99
5,100
5,101
5,102
1,103
1,104
1,105
1,106
1,107
1,108
1,109
1,110
1,111
5,112
8,113
1,114
8,115
8,116
8,117
1,118
1,119
8,120
5,121
5,122
5,123
1,124
1,125
1,126
1,127
1,128
1,129
1,130
1,131
8,132
5,133
1,134
5,135
5,136
1,139
1,140
1,141
1,142
1,143
1,144
9,145
9,146
1,148
1,149
1,150
1,151
1,152
1,153
8,154
5,155
5,156
5,157
5,158
5,159
5,160
5,161
10,162
1,163
1,164
9,165
5,166
5,167
1,168
1,169
1,170
1,171
1,172
1,173
1,174
1,175
1,176
1,177
1,178
1,179
1,180
1,181
1,182
1,183
1,184
1,185
1,186
1,187
1,188
1,189
1,190
1,191
1,192
1,193
1,194
1,195
1,196
8,197
5,198
9,199
1,200
1,201
1,202
1,203
1,204
1,205
1,206
8,207
5,208
5,209
8,210
5,211
1,212
1,213
1,214
1,215
8,216
8,217
8,218
8,219
1,220
2,221
2,222
2,223
5,224
5,225
9,226
9,227
5,228
5,229
5,230
5,231
1,232
1,233
1,234
1,235
5,236
1,237
5,238
4,239
4,240
4,242
1,243
1,244
5,245
1,246
1,247
1,248
1,249
1,250
1,251
1,252
1,253
1,254
1,255
1,256
1,257
1,258
1,259
1,260
1,261
1,262
1,263
1,264
1,265
8,266
8,267
8,268
4,269
1,271
1,272
1,273
1,274
1,275
4,276
1,278
1,280
8,283
1,284
5,285
5,286
1,287
5,288
4,289
4,290
4,291
4,292
4,293
4,294
1,295
5,297
5,298
5,299
5,300
5,303
5,304
1,305
1,306
1,307
9,308
8,309
8,310
8,311
1,312
5,313
1,314
1,315
1,316
1,317
8,318
11,320
11,321
11,323
11,324
11,319
11,326
11,327
11,328
4,329
9,330
1,331
8,332
1,333
1,334
5,335
5,336
11,337
11,338
11,339
8,340
1,342
5,343
5,344
1,345
1,346
1,347
1,348
5,349
5,350
5,351
5,352
